{
    "mode": "demo",
    "api_key": "IRt2XGOe8vJXIk0Tq9",
    "api_secret": "l9dxUn9inkh3jEb9nlQyTXE56Nw4P7W25vpN",
    "symbols": [
        "BTCUSDT",
        "ETHUSDT",
        "SOLUSDT"
    ],
    "risk_percent": 3.0,
    "max_daily_loss": 20.0,
    "stop_loss_atr": 2.0,
    "take_profit_ratio": 3.0,
    "auto_trade": true,
    "telegram_token": "8339069750:AAGMYLCZ9bfovVb57fmB3vAZ_M7ePHbl2zo",
    "telegram_channel": "-1003842003511",
    "proxy": "http://VSeMhdTD:iE7xTrsG@156.246.213.194:62956",
    "min_probability": 75,
    "strategy": "scalping",
    "sentinel_interval": 15,
    "twa_url": "",
    "max_symbols": 100
}